"countrycode","year","mean_temperature"
"ESP","1980-1985",13.0531078219755
"ESP","1985-1990",13.5456350985963
"ESP","1990-1995",13.2243345607118
"ESP","1995-2000",13.4933943899664
"ESP","2000-2005",13.5079770353983
"ESP","2005-2010",13.562685971161
"ESP","2010-2015",13.5190402093715
"ESP","2015-2020",14.0964676592869
