"countrycode","year","max_temperature"
"UKR","1980-1985",37.1099426269531
"UKR","1985-1990",37.94482421875
"UKR","1990-1995",37.5223754882813
"UKR","1995-2000",38.7056579589844
"UKR","2000-2005",39.3874938964844
"UKR","2005-2010",39.7897521972656
"UKR","2010-2015",39.5956359863281
"UKR","2015-2020",39.4169921875
