"countrycode","year","min_temperature"
"UKR","1980-1985",-29.2831970214844
"UKR","1985-1990",-32.264599609375
"UKR","1990-1995",-27.8962036132812
"UKR","1995-2000",-32.6186279296875
"UKR","2000-2005",-30.1952453613281
"UKR","2005-2010",-31.3764953613281
"UKR","2010-2015",-32.6521179199218
"UKR","2015-2020",-28.2046203613281
