"countrycode","year","max_temperature"
"POL","1980-1985",34.5414367675781
"POL","1985-1990",35.7708557128907
"POL","1990-1995",36.4677307128906
"POL","1995-2000",35.7091430664063
"POL","2000-2005",35.8197631835938
"POL","2005-2010",36.130517578125
"POL","2010-2015",36.6711364746094
"POL","2015-2020",37.0926025390625
