"countrycode","year","mean_temperature"
"POL","1980-1985",7.32802549706902
"POL","1985-1990",7.23813237133232
"POL","1990-1995",8.06670844147784
"POL","1995-2000",7.39712185704172
"POL","2000-2005",8.14693960290958
"POL","2005-2010",8.46214474555611
"POL","2010-2015",8.04122696531178
"POL","2015-2020",9.1879658024241
