"countrycode","year","min_temperature"
"POL","1980-1985",-23.122900390625
"POL","1985-1990",-27.186767578125
"POL","1990-1995",-22.4077575683594
"POL","1995-2000",-26.1391479492187
"POL","2000-2005",-25.5004455566406
"POL","2005-2010",-25.3330993652344
"POL","2010-2015",-26.8085266113281
"POL","2015-2020",-21.3373840332031
