"countrycode","year","max_temperature"
"PRT","1980-1985",43.8460998535156
"PRT","1985-1990",42.6274353027344
"PRT","1990-1995",43.7357543945313
"PRT","1995-2000",42.7641052246094
"PRT","2000-2005",44.2090148925781
"PRT","2005-2010",43.0691467285156
"PRT","2010-2015",43.4180603027344
"PRT","2015-2020",44.14990234375
