"countrycode","year","min_temperature"
"PRT","1980-1985",-5.14722900390623
"PRT","1985-1990",-6.18890991210935
"PRT","1990-1995",-5.25253295898435
"PRT","1995-2000",-4.7372375488281
"PRT","2000-2005",-5.61759643554685
"PRT","2005-2010",-5.50834960937498
"PRT","2010-2015",-4.9704162597656
"PRT","2015-2020",-4.22811279296873
