"countrycode","year","mean_temperature"
"PRT","1980-1985",14.9284237035396
"PRT","1985-1990",15.2794050147267
"PRT","1990-1995",14.9329567516829
"PRT","1995-2000",15.4212926661115
"PRT","2000-2005",14.9404301263562
"PRT","2005-2010",15.1667196645088
"PRT","2010-2015",15.095673440588
"PRT","2015-2020",15.4789227512809
